{"assets/fonts/Anton-Regular.ttf":["assets/fonts/Anton-Regular.ttf"],"packages/cupertino_icons/assets/CupertinoIcons.ttf":["packages/cupertino_icons/assets/CupertinoIcons.ttf"],"assets/fonts/Lato-Bold.ttf":["assets/fonts/Lato-Bold.ttf"],"assets/fonts/Lato-Regular.ttf":["assets/fonts/Lato-Regular.ttf"],"assets/images/product-placeholder.png":["assets/images/product-placeholder.png"],"assets/images/splashLogo.png":["assets/images/splashLogo.png"],"assets/images/undraw_empty_cart_co35.png":["assets/images/undraw_empty_cart_co35.png"]}